ID Review,Review
1,
2,4
3,4
4,4
5,5
6,4
7,3
8,3
9,4
10,3
11,3
12,2
13,5
14,4
15,5
16,5
17,3
18,4
19,3
20,3
21,5
22,
23,4
24,2
25,3
26,4
27,3
28,3
29,3
30,2
31,2
32,1
33,4
34,4
35,1
36,3
37,5
38,3
39,5
40,4
41,5
42,2
43,3
44,3
45,4
46,3
47,4
48,4
49,3
50,4
51,3
52,3
53,2
54,4
55,4
56,4
57,3
58,2
59,4
60,2
61,3
62,3
63,5
64,3
65,5
66,5
67,3
68,3
69,4
70,4
71,3
72,2
73,5
74,5
75,5
76,4
77,2
78,5
79,4
80,4
81,5
82,4
83,4
84,4
85,4
86,3
87,4
88,3
89,2
90,4
91,4
92,4
93,3
94,5
95,5
96,5
97,2
98,5
99,3
100,4
101,2
102,3
103,3
104,4
105,4
106,4
107,4
108,2
109,2
110,4
111,5
112,4
113,2
114,4
115,3
116,5
117,4
118,3
119,4
120,2
121,3
122,4
123,2
124,4
125,3
126,5
127,2
128,2
129,2
130,2
131,2
132,3
133,5
134,5
135,3
136,4
137,
138,2
139,4
140,3
141,2
142,3
143,5
144,5
145,3
146,2
147,1
148,3
149,4
150,2
151,3
152,5
153,3
154,2
155,4
156,4
157,5
158,2
159,3
160,3
161,5
162,5
163,4
164,4
165,4
166,
167,3
168,4
169,
170,4
171,4
172,4
173,4
174,4
175,4
176,4
177,4
178,4
179,
180,4
181,
182,
183,3
184,4
185,4
186,
187,3
188,4
189,4
190,3
191,
192,4
193,3
194,2
195,5
196,5
197,2
198,
199,2
200,4
201,3
202,5
203,5
204,5
205,
206,
207,3
208,3
209,3
210,4
211,3
212,4
213,3
214,2
215,2
216,5
217,3
218,5
219,3
220,4
221,3
222,4
223,3
224,4
225,2
226,2
227,5
228,3
229,4
230,3
231,5
232,4
233,3
234,2
235,4
236,4
237,
238,5
239,4
240,
241,
242,
243,5
244,
245,4
246,
247,
248,4
249,
250,5
251,2
252,4
253,4
254,5
255,3
256,5
257,3
258,4
259,1
260,3
261,3
262,5
263,3
264,2
265,3
266,5
267,2
268,4
269,3
270,
271,4
272,3
273,5
274,4
275,
276,
277,2
278,3
279,
280,5
281,3
282,4
283,4
284,5
285,4
286,4
287,
288,3
289,5
290,4
291,3
292,2
293,4
294,2
295,4
296,3
297,5
298,5
299,3
300,3
301,4
302,4
303,4
304,5
305,2
306,3
307,3
308,3
309,4
310,
311,
312,3
313,2
314,3
315,
316,
317,4
318,2
319,
320,3
321,
322,4
323,
324,2
325,4
326,3
327,3
328,
329,1
330,
331,5
332,
333,
334,5
335,5
336,4
337,5
338,4
339,5
340,3
341,4
342,
343,
344,4
345,3
346,4
347,2
348,5
349,2
350,3
351,5
352,5
353,5
354,4
355,3
356,2
357,5
358,1
359,2
360,5
361,1
362,5
363,1
364,3
365,2
366,2
367,2
368,4
369,
370,2
371,4
372,5
373,4
374,4
375,
376,
377,5
378,
379,4
380,
381,5
382,
383,4
384,4
385,4
386,4
387,3
388,4
389,5
390,5
391,4
392,1
393,4
394,4
395,4
396,5
397,2
398,2
399,
400,
401,4
402,4
403,3
404,5
405,1
406,4
407,5
408,5
409,1
410,
411,5
412,3
413,3
414,
415,4
416,3
417,5
418,5
419,5
420,5
421,
422,5
423,1
424,4
425,5
426,4
427,4
428,4
429,3
430,3
431,4
432,4
433,4
434,3
435,
436,4
437,
438,1
439,2
440,3
441,1
442,5
443,1
444,3
445,4
446,4
447,3
448,3
449,3
450,3
451,1
452,4
453,4
454,4
455,5
456,4
457,
458,4
